Status Code,Response Text
200,"{
  ""message"": ""Security server check passed""
}
"
200,"{
  ""message"": ""Security server check passed""
}
"
200,"{
  ""message"": ""Security server check passed""
}
"
200,"{
  ""message"": ""Security server check passed""
}
"
200,"{
  ""message"": ""Security server check passed""
}
"
200,"{
  ""message"": ""Security server check passed""
}
"
200,"{
  ""message"": ""Security server check passed""
}
"
200,"{
  ""message"": ""Security server check passed""
}
"
200,"{
  ""message"": ""Security server check passed""
}
"
200,"{
  ""message"": ""Security server check passed""
}
"
200,"{
  ""message"": ""Security server check passed""
}
"
200,"{
  ""message"": ""Security server check passed""
}
"
200,"{
  ""message"": ""Security server check passed""
}
"
200,"{
  ""message"": ""Security server check passed""
}
"
200,"{
  ""message"": ""Security server check passed""
}
"
200,"{
  ""message"": ""Security server check passed""
}
"
200,"{
  ""message"": ""Security server check passed""
}
"
200,"{
  ""message"": ""Security server check passed""
}
"
200,"{
  ""message"": ""Security server check passed""
}
"
200,"{
  ""message"": ""Security server check passed""
}
"
200,"{
  ""message"": ""Security server check passed""
}
"
200,"{
  ""message"": ""Security server check passed""
}
"
200,"{
  ""message"": ""Security server check passed""
}
"
200,"{
  ""message"": ""Security server check passed""
}
"
200,"{
  ""message"": ""Security server check passed""
}
"
200,"{
  ""message"": ""Security server check passed""
}
"
200,"{
  ""message"": ""Security server check passed""
}
"
200,"{
  ""message"": ""Security server check passed""
}
"
200,"{
  ""message"": ""Security server check passed""
}
"
200,"{
  ""message"": ""Security server check passed""
}
"
200,"{
  ""message"": ""Security server check passed""
}
"
200,"{
  ""message"": ""Security server check passed""
}
"
200,"{
  ""message"": ""Security server check passed""
}
"
200,"{
  ""message"": ""Security server check passed""
}
"
200,"{
  ""message"": ""Security server check passed""
}
"
200,"{
  ""message"": ""Security server check passed""
}
"
200,"{
  ""message"": ""Security server check passed""
}
"
200,"{
  ""message"": ""Security server check passed""
}
"
200,"{
  ""message"": ""Security server check passed""
}
"
200,"{
  ""message"": ""Security server check passed""
}
"
200,"{
  ""message"": ""Security server check passed""
}
"
200,"{
  ""message"": ""Security server check passed""
}
"
200,"{
  ""message"": ""Security server check passed""
}
"
200,"{
  ""message"": ""Security server check passed""
}
"
200,"{
  ""message"": ""Security server check passed""
}
"
200,"{
  ""message"": ""Security server check passed""
}
"
200,"{
  ""message"": ""Security server check passed""
}
"
200,"{
  ""message"": ""Security server check passed""
}
"
200,"{
  ""message"": ""Security server check passed""
}
"
200,"{
  ""message"": ""Security server check passed""
}
"
200,"{
  ""message"": ""Security server check passed""
}
"
200,"{
  ""message"": ""Security server check passed""
}
"
200,"{
  ""message"": ""Security server check passed""
}
"
200,"{
  ""message"": ""Security server check passed""
}
"
200,"{
  ""message"": ""Security server check passed""
}
"
200,"{
  ""message"": ""Security server check passed""
}
"
200,"{
  ""message"": ""Security server check passed""
}
"
200,"{
  ""message"": ""Security server check passed""
}
"
200,"{
  ""message"": ""Security server check passed""
}
"
200,"{
  ""message"": ""Security server check passed""
}
"
200,"{
  ""message"": ""Security server check passed""
}
"
200,"{
  ""message"": ""Security server check passed""
}
"
200,"{
  ""message"": ""Security server check passed""
}
"
200,"{
  ""message"": ""Security server check passed""
}
"
200,"{
  ""message"": ""Security server check passed""
}
"
200,"{
  ""message"": ""Security server check passed""
}
"
200,"{
  ""message"": ""Security server check passed""
}
"
200,"{
  ""message"": ""Security server check passed""
}
"
200,"{
  ""message"": ""Security server check passed""
}
"
200,"{
  ""message"": ""Security server check passed""
}
"
200,"{
  ""message"": ""Security server check passed""
}
"
200,"{
  ""message"": ""Security server check passed""
}
"
200,"{
  ""message"": ""Security server check passed""
}
"
200,"{
  ""message"": ""Security server check passed""
}
"
200,"{
  ""message"": ""Security server check passed""
}
"
200,"{
  ""message"": ""Security server check passed""
}
"
200,"{
  ""message"": ""Security server check passed""
}
"
200,"{
  ""message"": ""Security server check passed""
}
"
200,"{
  ""message"": ""Security server check passed""
}
"
200,"{
  ""message"": ""Security server check passed""
}
"
200,"{
  ""message"": ""Security server check passed""
}
"
200,"{
  ""message"": ""Security server check passed""
}
"
200,"{
  ""message"": ""Security server check passed""
}
"
200,"{
  ""message"": ""Security server check passed""
}
"
200,"{
  ""message"": ""Security server check passed""
}
"
200,"{
  ""message"": ""Security server check passed""
}
"
200,"{
  ""message"": ""Security server check passed""
}
"
200,"{
  ""message"": ""Security server check passed""
}
"
200,"{
  ""message"": ""Security server check passed""
}
"
200,"{
  ""message"": ""Security server check passed""
}
"
200,"{
  ""message"": ""Security server check passed""
}
"
200,"{
  ""message"": ""Security server check passed""
}
"
200,"{
  ""message"": ""Security server check passed""
}
"
200,"{
  ""message"": ""Security server check passed""
}
"
200,"{
  ""message"": ""Security server check passed""
}
"
200,"{
  ""message"": ""Security server check passed""
}
"
200,"{
  ""message"": ""Security server check passed""
}
"
200,"{
  ""message"": ""Security server check passed""
}
"
200,"{
  ""message"": ""Security server check passed""
}
"
200,"{
  ""message"": ""Security server check passed""
}
"
200,"{
  ""message"": ""Security server check passed""
}
"
200,"{
  ""message"": ""Security server check passed""
}
"
200,"{
  ""message"": ""Security server check passed""
}
"
200,"{
  ""message"": ""Security server check passed""
}
"
200,"{
  ""message"": ""Security server check passed""
}
"
200,"{
  ""message"": ""Security server check passed""
}
"
200,"{
  ""message"": ""Security server check passed""
}
"
200,"{
  ""message"": ""Security server check passed""
}
"
200,"{
  ""message"": ""Security server check passed""
}
"
200,"{
  ""message"": ""Security server check passed""
}
"
200,"{
  ""message"": ""Security server check passed""
}
"
200,"{
  ""message"": ""Security server check passed""
}
"
200,"{
  ""message"": ""Security server check passed""
}
"
200,"{
  ""message"": ""Security server check passed""
}
"
200,"{
  ""message"": ""Security server check passed""
}
"
200,"{
  ""message"": ""Security server check passed""
}
"
200,"{
  ""message"": ""Security server check passed""
}
"
200,"{
  ""message"": ""Security server check passed""
}
"
200,"{
  ""message"": ""Security server check passed""
}
"
200,"{
  ""message"": ""Security server check passed""
}
"
200,"{
  ""message"": ""Security server check passed""
}
"
200,"{
  ""message"": ""Security server check passed""
}
"
200,"{
  ""message"": ""Security server check passed""
}
"
503,"<html>
<head><title>503 Service Temporarily Unavailable</title></head>
<body>
<center><h1>503 Service Temporarily Unavailable</h1></center>
<hr><center>nginx/1.26.2</center>
</body>
</html>
"
200,"{
  ""message"": ""Security server check passed""
}
"
200,"{
  ""message"": ""Security server check passed""
}
"
200,"{
  ""message"": ""Security server check passed""
}
"
200,"{
  ""message"": ""Security server check passed""
}
"
200,"{
  ""message"": ""Security server check passed""
}
"
200,"{
  ""message"": ""Security server check passed""
}
"
503,"<html>
<head><title>503 Service Temporarily Unavailable</title></head>
<body>
<center><h1>503 Service Temporarily Unavailable</h1></center>
<hr><center>nginx/1.26.2</center>
</body>
</html>
"
200,"{
  ""message"": ""Security server check passed""
}
"
200,"{
  ""message"": ""Security server check passed""
}
"
200,"{
  ""message"": ""Security server check passed""
}
"
200,"{
  ""message"": ""Security server check passed""
}
"
200,"{
  ""message"": ""Security server check passed""
}
"
200,"{
  ""message"": ""Security server check passed""
}
"
200,"{
  ""message"": ""Security server check passed""
}
"
503,"<html>
<head><title>503 Service Temporarily Unavailable</title></head>
<body>
<center><h1>503 Service Temporarily Unavailable</h1></center>
<hr><center>nginx/1.26.2</center>
</body>
</html>
"
200,"{
  ""message"": ""Security server check passed""
}
"
200,"{
  ""message"": ""Security server check passed""
}
"
200,"{
  ""message"": ""Security server check passed""
}
"
503,"<html>
<head><title>503 Service Temporarily Unavailable</title></head>
<body>
<center><h1>503 Service Temporarily Unavailable</h1></center>
<hr><center>nginx/1.26.2</center>
</body>
</html>
"
200,"{
  ""message"": ""Security server check passed""
}
"
200,"{
  ""message"": ""Security server check passed""
}
"
200,"{
  ""message"": ""Security server check passed""
}
"
200,"{
  ""message"": ""Security server check passed""
}
"
200,"{
  ""message"": ""Security server check passed""
}
"
200,"{
  ""message"": ""Security server check passed""
}
"
200,"{
  ""message"": ""Security server check passed""
}
"
200,"{
  ""message"": ""Security server check passed""
}
"
200,"{
  ""message"": ""Security server check passed""
}
"
200,"{
  ""message"": ""Security server check passed""
}
"
503,"<html>
<head><title>503 Service Temporarily Unavailable</title></head>
<body>
<center><h1>503 Service Temporarily Unavailable</h1></center>
<hr><center>nginx/1.26.2</center>
</body>
</html>
"
200,"{
  ""message"": ""Security server check passed""
}
"
200,"{
  ""message"": ""Security server check passed""
}
"
200,"{
  ""message"": ""Security server check passed""
}
"
200,"{
  ""message"": ""Security server check passed""
}
"
200,"{
  ""message"": ""Security server check passed""
}
"
200,"{
  ""message"": ""Security server check passed""
}
"
200,"{
  ""message"": ""Security server check passed""
}
"
200,"{
  ""message"": ""Security server check passed""
}
"
200,"{
  ""message"": ""Security server check passed""
}
"
200,"{
  ""message"": ""Security server check passed""
}
"
200,"{
  ""message"": ""Security server check passed""
}
"
503,"<html>
<head><title>503 Service Temporarily Unavailable</title></head>
<body>
<center><h1>503 Service Temporarily Unavailable</h1></center>
<hr><center>nginx/1.26.2</center>
</body>
</html>
"
200,"{
  ""message"": ""Security server check passed""
}
"
200,"{
  ""message"": ""Security server check passed""
}
"
200,"{
  ""message"": ""Security server check passed""
}
"
200,"{
  ""message"": ""Security server check passed""
}
"
503,"<html>
<head><title>503 Service Temporarily Unavailable</title></head>
<body>
<center><h1>503 Service Temporarily Unavailable</h1></center>
<hr><center>nginx/1.26.2</center>
</body>
</html>
"
200,"{
  ""message"": ""Security server check passed""
}
"
200,"{
  ""message"": ""Security server check passed""
}
"
200,"{
  ""message"": ""Security server check passed""
}
"
200,"{
  ""message"": ""Security server check passed""
}
"
200,"{
  ""message"": ""Security server check passed""
}
"
200,"{
  ""message"": ""Security server check passed""
}
"
200,"{
  ""message"": ""Security server check passed""
}
"
200,"{
  ""message"": ""Security server check passed""
}
"
503,"<html>
<head><title>503 Service Temporarily Unavailable</title></head>
<body>
<center><h1>503 Service Temporarily Unavailable</h1></center>
<hr><center>nginx/1.26.2</center>
</body>
</html>
"
200,"{
  ""message"": ""Security server check passed""
}
"
200,"{
  ""message"": ""Security server check passed""
}
"
200,"{
  ""message"": ""Security server check passed""
}
"
200,"{
  ""message"": ""Security server check passed""
}
"
200,"{
  ""message"": ""Security server check passed""
}
"
503,"<html>
<head><title>503 Service Temporarily Unavailable</title></head>
<body>
<center><h1>503 Service Temporarily Unavailable</h1></center>
<hr><center>nginx/1.26.2</center>
</body>
</html>
"
503,"<html>
<head><title>503 Service Temporarily Unavailable</title></head>
<body>
<center><h1>503 Service Temporarily Unavailable</h1></center>
<hr><center>nginx/1.26.2</center>
</body>
</html>
"
200,"{
  ""message"": ""Security server check passed""
}
"
200,"{
  ""message"": ""Security server check passed""
}
"
200,"{
  ""message"": ""Security server check passed""
}
"
200,"{
  ""message"": ""Security server check passed""
}
"
200,"{
  ""message"": ""Security server check passed""
}
"
200,"{
  ""message"": ""Security server check passed""
}
"
200,"{
  ""message"": ""Security server check passed""
}
"
503,"<html>
<head><title>503 Service Temporarily Unavailable</title></head>
<body>
<center><h1>503 Service Temporarily Unavailable</h1></center>
<hr><center>nginx/1.26.2</center>
</body>
</html>
"
503,"<html>
<head><title>503 Service Temporarily Unavailable</title></head>
<body>
<center><h1>503 Service Temporarily Unavailable</h1></center>
<hr><center>nginx/1.26.2</center>
</body>
</html>
"
200,"{
  ""message"": ""Security server check passed""
}
"
200,"{
  ""message"": ""Security server check passed""
}
"
200,"{
  ""message"": ""Security server check passed""
}
"
200,"{
  ""message"": ""Security server check passed""
}
"
200,"{
  ""message"": ""Security server check passed""
}
"
503,"<html>
<head><title>503 Service Temporarily Unavailable</title></head>
<body>
<center><h1>503 Service Temporarily Unavailable</h1></center>
<hr><center>nginx/1.26.2</center>
</body>
</html>
"
200,"{
  ""message"": ""Security server check passed""
}
"
503,"<html>
<head><title>503 Service Temporarily Unavailable</title></head>
<body>
<center><h1>503 Service Temporarily Unavailable</h1></center>
<hr><center>nginx/1.26.2</center>
</body>
</html>
"
200,"{
  ""message"": ""Security server check passed""
}
"
200,"{
  ""message"": ""Security server check passed""
}
"
200,"{
  ""message"": ""Security server check passed""
}
"
200,"{
  ""message"": ""Security server check passed""
}
"
200,"{
  ""message"": ""Security server check passed""
}
"
200,"{
  ""message"": ""Security server check passed""
}
"
200,"{
  ""message"": ""Security server check passed""
}
"
200,"{
  ""message"": ""Security server check passed""
}
"
200,"{
  ""message"": ""Security server check passed""
}
"
200,"{
  ""message"": ""Security server check passed""
}
"
503,"<html>
<head><title>503 Service Temporarily Unavailable</title></head>
<body>
<center><h1>503 Service Temporarily Unavailable</h1></center>
<hr><center>nginx/1.26.2</center>
</body>
</html>
"
200,"{
  ""message"": ""Security server check passed""
}
"
200,"{
  ""message"": ""Security server check passed""
}
"
200,"{
  ""message"": ""Security server check passed""
}
"
200,"{
  ""message"": ""Security server check passed""
}
"
200,"{
  ""message"": ""Security server check passed""
}
"
200,"{
  ""message"": ""Security server check passed""
}
"
503,"<html>
<head><title>503 Service Temporarily Unavailable</title></head>
<body>
<center><h1>503 Service Temporarily Unavailable</h1></center>
<hr><center>nginx/1.26.2</center>
</body>
</html>
"
200,"{
  ""message"": ""Security server check passed""
}
"
200,"{
  ""message"": ""Security server check passed""
}
"
200,"{
  ""message"": ""Security server check passed""
}
"
200,"{
  ""message"": ""Security server check passed""
}
"
200,"{
  ""message"": ""Security server check passed""
}
"
200,"{
  ""message"": ""Security server check passed""
}
"
503,"<html>
<head><title>503 Service Temporarily Unavailable</title></head>
<body>
<center><h1>503 Service Temporarily Unavailable</h1></center>
<hr><center>nginx/1.26.2</center>
</body>
</html>
"
200,"{
  ""message"": ""Security server check passed""
}
"
200,"{
  ""message"": ""Security server check passed""
}
"
503,"<html>
<head><title>503 Service Temporarily Unavailable</title></head>
<body>
<center><h1>503 Service Temporarily Unavailable</h1></center>
<hr><center>nginx/1.26.2</center>
</body>
</html>
"
200,"{
  ""message"": ""Security server check passed""
}
"
200,"{
  ""message"": ""Security server check passed""
}
"
200,"{
  ""message"": ""Security server check passed""
}
"
200,"{
  ""message"": ""Security server check passed""
}
"
200,"{
  ""message"": ""Security server check passed""
}
"
200,"{
  ""message"": ""Security server check passed""
}
"
200,"{
  ""message"": ""Security server check passed""
}
"
200,"{
  ""message"": ""Security server check passed""
}
"
200,"{
  ""message"": ""Security server check passed""
}
"
200,"{
  ""message"": ""Security server check passed""
}
"
200,"{
  ""message"": ""Security server check passed""
}
"
503,"<html>
<head><title>503 Service Temporarily Unavailable</title></head>
<body>
<center><h1>503 Service Temporarily Unavailable</h1></center>
<hr><center>nginx/1.26.2</center>
</body>
</html>
"
503,"<html>
<head><title>503 Service Temporarily Unavailable</title></head>
<body>
<center><h1>503 Service Temporarily Unavailable</h1></center>
<hr><center>nginx/1.26.2</center>
</body>
</html>
"
200,"{
  ""message"": ""Security server check passed""
}
"
200,"{
  ""message"": ""Security server check passed""
}
"
200,"{
  ""message"": ""Security server check passed""
}
"
200,"{
  ""message"": ""Security server check passed""
}
"
200,"{
  ""message"": ""Security server check passed""
}
"
503,"<html>
<head><title>503 Service Temporarily Unavailable</title></head>
<body>
<center><h1>503 Service Temporarily Unavailable</h1></center>
<hr><center>nginx/1.26.2</center>
</body>
</html>
"
200,"{
  ""message"": ""Security server check passed""
}
"
200,"{
  ""message"": ""Security server check passed""
}
"
200,"{
  ""message"": ""Security server check passed""
}
"
200,"{
  ""message"": ""Security server check passed""
}
"
200,"{
  ""message"": ""Security server check passed""
}
"
503,"<html>
<head><title>503 Service Temporarily Unavailable</title></head>
<body>
<center><h1>503 Service Temporarily Unavailable</h1></center>
<hr><center>nginx/1.26.2</center>
</body>
</html>
"
200,"{
  ""message"": ""Security server check passed""
}
"
200,"{
  ""message"": ""Security server check passed""
}
"
200,"{
  ""message"": ""Security server check passed""
}
"
200,"{
  ""message"": ""Security server check passed""
}
"
503,"<html>
<head><title>503 Service Temporarily Unavailable</title></head>
<body>
<center><h1>503 Service Temporarily Unavailable</h1></center>
<hr><center>nginx/1.26.2</center>
</body>
</html>
"
503,"<html>
<head><title>503 Service Temporarily Unavailable</title></head>
<body>
<center><h1>503 Service Temporarily Unavailable</h1></center>
<hr><center>nginx/1.26.2</center>
</body>
</html>
"
200,"{
  ""message"": ""Security server check passed""
}
"
200,"{
  ""message"": ""Security server check passed""
}
"
200,"{
  ""message"": ""Security server check passed""
}
"
200,"{
  ""message"": ""Security server check passed""
}
"
200,"{
  ""message"": ""Security server check passed""
}
"
200,"{
  ""message"": ""Security server check passed""
}
"
200,"{
  ""message"": ""Security server check passed""
}
"
200,"{
  ""message"": ""Security server check passed""
}
"
200,"{
  ""message"": ""Security server check passed""
}
"
200,"{
  ""message"": ""Security server check passed""
}
"
200,"{
  ""message"": ""Security server check passed""
}
"
503,"<html>
<head><title>503 Service Temporarily Unavailable</title></head>
<body>
<center><h1>503 Service Temporarily Unavailable</h1></center>
<hr><center>nginx/1.26.2</center>
</body>
</html>
"
200,"{
  ""message"": ""Security server check passed""
}
"
200,"{
  ""message"": ""Security server check passed""
}
"
200,"{
  ""message"": ""Security server check passed""
}
"
200,"{
  ""message"": ""Security server check passed""
}
"
200,"{
  ""message"": ""Security server check passed""
}
"
200,"{
  ""message"": ""Security server check passed""
}
"
200,"{
  ""message"": ""Security server check passed""
}
"
200,"{
  ""message"": ""Security server check passed""
}
"
503,"<html>
<head><title>503 Service Temporarily Unavailable</title></head>
<body>
<center><h1>503 Service Temporarily Unavailable</h1></center>
<hr><center>nginx/1.26.2</center>
</body>
</html>
"
200,"{
  ""message"": ""Security server check passed""
}
"
503,"<html>
<head><title>503 Service Temporarily Unavailable</title></head>
<body>
<center><h1>503 Service Temporarily Unavailable</h1></center>
<hr><center>nginx/1.26.2</center>
</body>
</html>
"
200,"{
  ""message"": ""Security server check passed""
}
"
200,"{
  ""message"": ""Security server check passed""
}
"
200,"{
  ""message"": ""Security server check passed""
}
"
200,"{
  ""message"": ""Security server check passed""
}
"
200,"{
  ""message"": ""Security server check passed""
}
"
200,"{
  ""message"": ""Security server check passed""
}
"
200,"{
  ""message"": ""Security server check passed""
}
"
200,"{
  ""message"": ""Security server check passed""
}
"
200,"{
  ""message"": ""Security server check passed""
}
"
200,"{
  ""message"": ""Security server check passed""
}
"
503,"<html>
<head><title>503 Service Temporarily Unavailable</title></head>
<body>
<center><h1>503 Service Temporarily Unavailable</h1></center>
<hr><center>nginx/1.26.2</center>
</body>
</html>
"
200,"{
  ""message"": ""Security server check passed""
}
"
200,"{
  ""message"": ""Security server check passed""
}
"
200,"{
  ""message"": ""Security server check passed""
}
"
503,"<html>
<head><title>503 Service Temporarily Unavailable</title></head>
<body>
<center><h1>503 Service Temporarily Unavailable</h1></center>
<hr><center>nginx/1.26.2</center>
</body>
</html>
"
200,"{
  ""message"": ""Security server check passed""
}
"
200,"{
  ""message"": ""Security server check passed""
}
"
200,"{
  ""message"": ""Security server check passed""
}
"
503,"<html>
<head><title>503 Service Temporarily Unavailable</title></head>
<body>
<center><h1>503 Service Temporarily Unavailable</h1></center>
<hr><center>nginx/1.26.2</center>
</body>
</html>
"
200,"{
  ""message"": ""Security server check passed""
}
"
200,"{
  ""message"": ""Security server check passed""
}
"
200,"{
  ""message"": ""Security server check passed""
}
"
200,"{
  ""message"": ""Security server check passed""
}
"
200,"{
  ""message"": ""Security server check passed""
}
"
200,"{
  ""message"": ""Security server check passed""
}
"
200,"{
  ""message"": ""Security server check passed""
}
"
200,"{
  ""message"": ""Security server check passed""
}
"
200,"{
  ""message"": ""Security server check passed""
}
"
200,"{
  ""message"": ""Security server check passed""
}
"
503,"<html>
<head><title>503 Service Temporarily Unavailable</title></head>
<body>
<center><h1>503 Service Temporarily Unavailable</h1></center>
<hr><center>nginx/1.26.2</center>
</body>
</html>
"
503,"<html>
<head><title>503 Service Temporarily Unavailable</title></head>
<body>
<center><h1>503 Service Temporarily Unavailable</h1></center>
<hr><center>nginx/1.26.2</center>
</body>
</html>
"
503,"<html>
<head><title>503 Service Temporarily Unavailable</title></head>
<body>
<center><h1>503 Service Temporarily Unavailable</h1></center>
<hr><center>nginx/1.26.2</center>
</body>
</html>
"
200,"{
  ""message"": ""Security server check passed""
}
"
200,"{
  ""message"": ""Security server check passed""
}
"
200,"{
  ""message"": ""Security server check passed""
}
"
200,"{
  ""message"": ""Security server check passed""
}
"
200,"{
  ""message"": ""Security server check passed""
}
"
200,"{
  ""message"": ""Security server check passed""
}
"
200,"{
  ""message"": ""Security server check passed""
}
"
200,"{
  ""message"": ""Security server check passed""
}
"
200,"{
  ""message"": ""Security server check passed""
}
"
200,"{
  ""message"": ""Security server check passed""
}
"
200,"{
  ""message"": ""Security server check passed""
}
"
503,"<html>
<head><title>503 Service Temporarily Unavailable</title></head>
<body>
<center><h1>503 Service Temporarily Unavailable</h1></center>
<hr><center>nginx/1.26.2</center>
</body>
</html>
"
200,"{
  ""message"": ""Security server check passed""
}
"
200,"{
  ""message"": ""Security server check passed""
}
"
200,"{
  ""message"": ""Security server check passed""
}
"
200,"{
  ""message"": ""Security server check passed""
}
"
200,"{
  ""message"": ""Security server check passed""
}
"
200,"{
  ""message"": ""Security server check passed""
}
"
200,"{
  ""message"": ""Security server check passed""
}
"
200,"{
  ""message"": ""Security server check passed""
}
"
200,"{
  ""message"": ""Security server check passed""
}
"
503,"<html>
<head><title>503 Service Temporarily Unavailable</title></head>
<body>
<center><h1>503 Service Temporarily Unavailable</h1></center>
<hr><center>nginx/1.26.2</center>
</body>
</html>
"
200,"{
  ""message"": ""Security server check passed""
}
"
200,"{
  ""message"": ""Security server check passed""
}
"
200,"{
  ""message"": ""Security server check passed""
}
"
200,"{
  ""message"": ""Security server check passed""
}
"
200,"{
  ""message"": ""Security server check passed""
}
"
503,"<html>
<head><title>503 Service Temporarily Unavailable</title></head>
<body>
<center><h1>503 Service Temporarily Unavailable</h1></center>
<hr><center>nginx/1.26.2</center>
</body>
</html>
"
200,"{
  ""message"": ""Security server check passed""
}
"
200,"{
  ""message"": ""Security server check passed""
}
"
200,"{
  ""message"": ""Security server check passed""
}
"
200,"{
  ""message"": ""Security server check passed""
}
"
503,"<html>
<head><title>503 Service Temporarily Unavailable</title></head>
<body>
<center><h1>503 Service Temporarily Unavailable</h1></center>
<hr><center>nginx/1.26.2</center>
</body>
</html>
"
200,"{
  ""message"": ""Security server check passed""
}
"
200,"{
  ""message"": ""Security server check passed""
}
"
200,"{
  ""message"": ""Security server check passed""
}
"
200,"{
  ""message"": ""Security server check passed""
}
"
200,"{
  ""message"": ""Security server check passed""
}
"
200,"{
  ""message"": ""Security server check passed""
}
"
200,"{
  ""message"": ""Security server check passed""
}
"
200,"{
  ""message"": ""Security server check passed""
}
"
200,"{
  ""message"": ""Security server check passed""
}
"
200,"{
  ""message"": ""Security server check passed""
}
"
200,"{
  ""message"": ""Security server check passed""
}
"
503,"<html>
<head><title>503 Service Temporarily Unavailable</title></head>
<body>
<center><h1>503 Service Temporarily Unavailable</h1></center>
<hr><center>nginx/1.26.2</center>
</body>
</html>
"
200,"{
  ""message"": ""Security server check passed""
}
"
200,"{
  ""message"": ""Security server check passed""
}
"
200,"{
  ""message"": ""Security server check passed""
}
"
200,"{
  ""message"": ""Security server check passed""
}
"
503,"<html>
<head><title>503 Service Temporarily Unavailable</title></head>
<body>
<center><h1>503 Service Temporarily Unavailable</h1></center>
<hr><center>nginx/1.26.2</center>
</body>
</html>
"
200,"{
  ""message"": ""Security server check passed""
}
"
200,"{
  ""message"": ""Security server check passed""
}
"
200,"{
  ""message"": ""Security server check passed""
}
"
200,"{
  ""message"": ""Security server check passed""
}
"
200,"{
  ""message"": ""Security server check passed""
}
"
200,"{
  ""message"": ""Security server check passed""
}
"
503,"<html>
<head><title>503 Service Temporarily Unavailable</title></head>
<body>
<center><h1>503 Service Temporarily Unavailable</h1></center>
<hr><center>nginx/1.26.2</center>
</body>
</html>
"
200,"{
  ""message"": ""Security server check passed""
}
"
200,"{
  ""message"": ""Security server check passed""
}
"
200,"{
  ""message"": ""Security server check passed""
}
"
200,"{
  ""message"": ""Security server check passed""
}
"
200,"{
  ""message"": ""Security server check passed""
}
"
200,"{
  ""message"": ""Security server check passed""
}
"
200,"{
  ""message"": ""Security server check passed""
}
"
200,"{
  ""message"": ""Security server check passed""
}
"
200,"{
  ""message"": ""Security server check passed""
}
"
503,"<html>
<head><title>503 Service Temporarily Unavailable</title></head>
<body>
<center><h1>503 Service Temporarily Unavailable</h1></center>
<hr><center>nginx/1.26.2</center>
</body>
</html>
"
200,"{
  ""message"": ""Security server check passed""
}
"
503,"<html>
<head><title>503 Service Temporarily Unavailable</title></head>
<body>
<center><h1>503 Service Temporarily Unavailable</h1></center>
<hr><center>nginx/1.26.2</center>
</body>
</html>
"
200,"{
  ""message"": ""Security server check passed""
}
"
200,"{
  ""message"": ""Security server check passed""
}
"
200,"{
  ""message"": ""Security server check passed""
}
"
200,"{
  ""message"": ""Security server check passed""
}
"
503,"<html>
<head><title>503 Service Temporarily Unavailable</title></head>
<body>
<center><h1>503 Service Temporarily Unavailable</h1></center>
<hr><center>nginx/1.26.2</center>
</body>
</html>
"
200,"{
  ""message"": ""Security server check passed""
}
"
200,"{
  ""message"": ""Security server check passed""
}
"
200,"{
  ""message"": ""Security server check passed""
}
"
200,"{
  ""message"": ""Security server check passed""
}
"
200,"{
  ""message"": ""Security server check passed""
}
"
200,"{
  ""message"": ""Security server check passed""
}
"
503,"<html>
<head><title>503 Service Temporarily Unavailable</title></head>
<body>
<center><h1>503 Service Temporarily Unavailable</h1></center>
<hr><center>nginx/1.26.2</center>
</body>
</html>
"
503,"<html>
<head><title>503 Service Temporarily Unavailable</title></head>
<body>
<center><h1>503 Service Temporarily Unavailable</h1></center>
<hr><center>nginx/1.26.2</center>
</body>
</html>
"
200,"{
  ""message"": ""Security server check passed""
}
"
200,"{
  ""message"": ""Security server check passed""
}
"
200,"{
  ""message"": ""Security server check passed""
}
"
200,"{
  ""message"": ""Security server check passed""
}
"
200,"{
  ""message"": ""Security server check passed""
}
"
200,"{
  ""message"": ""Security server check passed""
}
"
200,"{
  ""message"": ""Security server check passed""
}
"
200,"{
  ""message"": ""Security server check passed""
}
"
200,"{
  ""message"": ""Security server check passed""
}
"
200,"{
  ""message"": ""Security server check passed""
}
"
503,"<html>
<head><title>503 Service Temporarily Unavailable</title></head>
<body>
<center><h1>503 Service Temporarily Unavailable</h1></center>
<hr><center>nginx/1.26.2</center>
</body>
</html>
"
200,"{
  ""message"": ""Security server check passed""
}
"
200,"{
  ""message"": ""Security server check passed""
}
"
200,"{
  ""message"": ""Security server check passed""
}
"
200,"{
  ""message"": ""Security server check passed""
}
"
503,"<html>
<head><title>503 Service Temporarily Unavailable</title></head>
<body>
<center><h1>503 Service Temporarily Unavailable</h1></center>
<hr><center>nginx/1.26.2</center>
</body>
</html>
"
200,"{
  ""message"": ""Security server check passed""
}
"
200,"{
  ""message"": ""Security server check passed""
}
"
200,"{
  ""message"": ""Security server check passed""
}
"
200,"{
  ""message"": ""Security server check passed""
}
"
200,"{
  ""message"": ""Security server check passed""
}
"
200,"{
  ""message"": ""Security server check passed""
}
"
200,"{
  ""message"": ""Security server check passed""
}
"
200,"{
  ""message"": ""Security server check passed""
}
"
503,"<html>
<head><title>503 Service Temporarily Unavailable</title></head>
<body>
<center><h1>503 Service Temporarily Unavailable</h1></center>
<hr><center>nginx/1.26.2</center>
</body>
</html>
"
200,"{
  ""message"": ""Security server check passed""
}
"
503,"<html>
<head><title>503 Service Temporarily Unavailable</title></head>
<body>
<center><h1>503 Service Temporarily Unavailable</h1></center>
<hr><center>nginx/1.26.2</center>
</body>
</html>
"
200,"{
  ""message"": ""Security server check passed""
}
"
200,"{
  ""message"": ""Security server check passed""
}
"
200,"{
  ""message"": ""Security server check passed""
}
"
200,"{
  ""message"": ""Security server check passed""
}
"
503,"<html>
<head><title>503 Service Temporarily Unavailable</title></head>
<body>
<center><h1>503 Service Temporarily Unavailable</h1></center>
<hr><center>nginx/1.26.2</center>
</body>
</html>
"
200,"{
  ""message"": ""Security server check passed""
}
"
200,"{
  ""message"": ""Security server check passed""
}
"
200,"{
  ""message"": ""Security server check passed""
}
"
200,"{
  ""message"": ""Security server check passed""
}
"
200,"{
  ""message"": ""Security server check passed""
}
"
200,"{
  ""message"": ""Security server check passed""
}
"
200,"{
  ""message"": ""Security server check passed""
}
"
200,"{
  ""message"": ""Security server check passed""
}
"
200,"{
  ""message"": ""Security server check passed""
}
"
200,"{
  ""message"": ""Security server check passed""
}
"
200,"{
  ""message"": ""Security server check passed""
}
"
200,"{
  ""message"": ""Security server check passed""
}
"
503,"<html>
<head><title>503 Service Temporarily Unavailable</title></head>
<body>
<center><h1>503 Service Temporarily Unavailable</h1></center>
<hr><center>nginx/1.26.2</center>
</body>
</html>
"
200,"{
  ""message"": ""Security server check passed""
}
"
200,"{
  ""message"": ""Security server check passed""
}
"
200,"{
  ""message"": ""Security server check passed""
}
"
200,"{
  ""message"": ""Security server check passed""
}
"
200,"{
  ""message"": ""Security server check passed""
}
"
200,"{
  ""message"": ""Security server check passed""
}
"
200,"{
  ""message"": ""Security server check passed""
}
"
503,"<html>
<head><title>503 Service Temporarily Unavailable</title></head>
<body>
<center><h1>503 Service Temporarily Unavailable</h1></center>
<hr><center>nginx/1.26.2</center>
</body>
</html>
"
200,"{
  ""message"": ""Security server check passed""
}
"
200,"{
  ""message"": ""Security server check passed""
}
"
200,"{
  ""message"": ""Security server check passed""
}
"
503,"<html>
<head><title>503 Service Temporarily Unavailable</title></head>
<body>
<center><h1>503 Service Temporarily Unavailable</h1></center>
<hr><center>nginx/1.26.2</center>
</body>
</html>
"
200,"{
  ""message"": ""Security server check passed""
}
"
200,"{
  ""message"": ""Security server check passed""
}
"
200,"{
  ""message"": ""Security server check passed""
}
"
200,"{
  ""message"": ""Security server check passed""
}
"
200,"{
  ""message"": ""Security server check passed""
}
"
200,"{
  ""message"": ""Security server check passed""
}
"
200,"{
  ""message"": ""Security server check passed""
}
"
200,"{
  ""message"": ""Security server check passed""
}
"
200,"{
  ""message"": ""Security server check passed""
}
"
200,"{
  ""message"": ""Security server check passed""
}
"
503,"<html>
<head><title>503 Service Temporarily Unavailable</title></head>
<body>
<center><h1>503 Service Temporarily Unavailable</h1></center>
<hr><center>nginx/1.26.2</center>
</body>
</html>
"
200,"{
  ""message"": ""Security server check passed""
}
"
200,"{
  ""message"": ""Security server check passed""
}
"
503,"<html>
<head><title>503 Service Temporarily Unavailable</title></head>
<body>
<center><h1>503 Service Temporarily Unavailable</h1></center>
<hr><center>nginx/1.26.2</center>
</body>
</html>
"
200,"{
  ""message"": ""Security server check passed""
}
"
200,"{
  ""message"": ""Security server check passed""
}
"
200,"{
  ""message"": ""Security server check passed""
}
"
200,"{
  ""message"": ""Security server check passed""
}
"
200,"{
  ""message"": ""Security server check passed""
}
"
200,"{
  ""message"": ""Security server check passed""
}
"
503,"<html>
<head><title>503 Service Temporarily Unavailable</title></head>
<body>
<center><h1>503 Service Temporarily Unavailable</h1></center>
<hr><center>nginx/1.26.2</center>
</body>
</html>
"
200,"{
  ""message"": ""Security server check passed""
}
"
200,"{
  ""message"": ""Security server check passed""
}
"
200,"{
  ""message"": ""Security server check passed""
}
"
503,"<html>
<head><title>503 Service Temporarily Unavailable</title></head>
<body>
<center><h1>503 Service Temporarily Unavailable</h1></center>
<hr><center>nginx/1.26.2</center>
</body>
</html>
"
200,"{
  ""message"": ""Security server check passed""
}
"
200,"{
  ""message"": ""Security server check passed""
}
"
200,"{
  ""message"": ""Security server check passed""
}
"
200,"{
  ""message"": ""Security server check passed""
}
"
503,"<html>
<head><title>503 Service Temporarily Unavailable</title></head>
<body>
<center><h1>503 Service Temporarily Unavailable</h1></center>
<hr><center>nginx/1.26.2</center>
</body>
</html>
"
200,"{
  ""message"": ""Security server check passed""
}
"
200,"{
  ""message"": ""Security server check passed""
}
"
200,"{
  ""message"": ""Security server check passed""
}
"
200,"{
  ""message"": ""Security server check passed""
}
"
200,"{
  ""message"": ""Security server check passed""
}
"
200,"{
  ""message"": ""Security server check passed""
}
"
200,"{
  ""message"": ""Security server check passed""
}
"
200,"{
  ""message"": ""Security server check passed""
}
"
200,"{
  ""message"": ""Security server check passed""
}
"
503,"<html>
<head><title>503 Service Temporarily Unavailable</title></head>
<body>
<center><h1>503 Service Temporarily Unavailable</h1></center>
<hr><center>nginx/1.26.2</center>
</body>
</html>
"
200,"{
  ""message"": ""Security server check passed""
}
"
200,"{
  ""message"": ""Security server check passed""
}
"
200,"{
  ""message"": ""Security server check passed""
}
"
503,"<html>
<head><title>503 Service Temporarily Unavailable</title></head>
<body>
<center><h1>503 Service Temporarily Unavailable</h1></center>
<hr><center>nginx/1.26.2</center>
</body>
</html>
"
200,"{
  ""message"": ""Security server check passed""
}
"
200,"{
  ""message"": ""Security server check passed""
}
"
200,"{
  ""message"": ""Security server check passed""
}
"
200,"{
  ""message"": ""Security server check passed""
}
"
200,"{
  ""message"": ""Security server check passed""
}
"
503,"<html>
<head><title>503 Service Temporarily Unavailable</title></head>
<body>
<center><h1>503 Service Temporarily Unavailable</h1></center>
<hr><center>nginx/1.26.2</center>
</body>
</html>
"
200,"{
  ""message"": ""Security server check passed""
}
"
200,"{
  ""message"": ""Security server check passed""
}
"
200,"{
  ""message"": ""Security server check passed""
}
"
200,"{
  ""message"": ""Security server check passed""
}
"
503,"<html>
<head><title>503 Service Temporarily Unavailable</title></head>
<body>
<center><h1>503 Service Temporarily Unavailable</h1></center>
<hr><center>nginx/1.26.2</center>
</body>
</html>
"
200,"{
  ""message"": ""Security server check passed""
}
"
200,"{
  ""message"": ""Security server check passed""
}
"
200,"{
  ""message"": ""Security server check passed""
}
"
200,"{
  ""message"": ""Security server check passed""
}
"
200,"{
  ""message"": ""Security server check passed""
}
"
503,"<html>
<head><title>503 Service Temporarily Unavailable</title></head>
<body>
<center><h1>503 Service Temporarily Unavailable</h1></center>
<hr><center>nginx/1.26.2</center>
</body>
</html>
"
200,"{
  ""message"": ""Security server check passed""
}
"
200,"{
  ""message"": ""Security server check passed""
}
"
200,"{
  ""message"": ""Security server check passed""
}
"
200,"{
  ""message"": ""Security server check passed""
}
"
200,"{
  ""message"": ""Security server check passed""
}
"
200,"{
  ""message"": ""Security server check passed""
}
"
503,"<html>
<head><title>503 Service Temporarily Unavailable</title></head>
<body>
<center><h1>503 Service Temporarily Unavailable</h1></center>
<hr><center>nginx/1.26.2</center>
</body>
</html>
"
200,"{
  ""message"": ""Security server check passed""
}
"
503,"<html>
<head><title>503 Service Temporarily Unavailable</title></head>
<body>
<center><h1>503 Service Temporarily Unavailable</h1></center>
<hr><center>nginx/1.26.2</center>
</body>
</html>
"
200,"{
  ""message"": ""Security server check passed""
}
"
200,"{
  ""message"": ""Security server check passed""
}
"
200,"{
  ""message"": ""Security server check passed""
}
"
200,"{
  ""message"": ""Security server check passed""
}
"
200,"{
  ""message"": ""Security server check passed""
}
"
200,"{
  ""message"": ""Security server check passed""
}
"
200,"{
  ""message"": ""Security server check passed""
}
"
200,"{
  ""message"": ""Security server check passed""
}
"
200,"{
  ""message"": ""Security server check passed""
}
"
503,"<html>
<head><title>503 Service Temporarily Unavailable</title></head>
<body>
<center><h1>503 Service Temporarily Unavailable</h1></center>
<hr><center>nginx/1.26.2</center>
</body>
</html>
"
503,"<html>
<head><title>503 Service Temporarily Unavailable</title></head>
<body>
<center><h1>503 Service Temporarily Unavailable</h1></center>
<hr><center>nginx/1.26.2</center>
</body>
</html>
"
200,"{
  ""message"": ""Security server check passed""
}
"
200,"{
  ""message"": ""Security server check passed""
}
"
200,"{
  ""message"": ""Security server check passed""
}
"
200,"{
  ""message"": ""Security server check passed""
}
"
200,"{
  ""message"": ""Security server check passed""
}
"
200,"{
  ""message"": ""Security server check passed""
}
"
200,"{
  ""message"": ""Security server check passed""
}
"
200,"{
  ""message"": ""Security server check passed""
}
"
200,"{
  ""message"": ""Security server check passed""
}
"
200,"{
  ""message"": ""Security server check passed""
}
"
503,"<html>
<head><title>503 Service Temporarily Unavailable</title></head>
<body>
<center><h1>503 Service Temporarily Unavailable</h1></center>
<hr><center>nginx/1.26.2</center>
</body>
</html>
"
503,"<html>
<head><title>503 Service Temporarily Unavailable</title></head>
<body>
<center><h1>503 Service Temporarily Unavailable</h1></center>
<hr><center>nginx/1.26.2</center>
</body>
</html>
"
200,"{
  ""message"": ""Security server check passed""
}
"
200,"{
  ""message"": ""Security server check passed""
}
"
200,"{
  ""message"": ""Security server check passed""
}
"
200,"{
  ""message"": ""Security server check passed""
}
"
200,"{
  ""message"": ""Security server check passed""
}
"
200,"{
  ""message"": ""Security server check passed""
}
"
200,"{
  ""message"": ""Security server check passed""
}
"
200,"{
  ""message"": ""Security server check passed""
}
"
200,"{
  ""message"": ""Security server check passed""
}
"
200,"{
  ""message"": ""Security server check passed""
}
"
200,"{
  ""message"": ""Security server check passed""
}
"
503,"<html>
<head><title>503 Service Temporarily Unavailable</title></head>
<body>
<center><h1>503 Service Temporarily Unavailable</h1></center>
<hr><center>nginx/1.26.2</center>
</body>
</html>
"
200,"{
  ""message"": ""Security server check passed""
}
"
200,"{
  ""message"": ""Security server check passed""
}
"
200,"{
  ""message"": ""Security server check passed""
}
"
200,"{
  ""message"": ""Security server check passed""
}
"
503,"<html>
<head><title>503 Service Temporarily Unavailable</title></head>
<body>
<center><h1>503 Service Temporarily Unavailable</h1></center>
<hr><center>nginx/1.26.2</center>
</body>
</html>
"
200,"{
  ""message"": ""Security server check passed""
}
"
200,"{
  ""message"": ""Security server check passed""
}
"
200,"{
  ""message"": ""Security server check passed""
}
"
200,"{
  ""message"": ""Security server check passed""
}
"
200,"{
  ""message"": ""Security server check passed""
}
"
200,"{
  ""message"": ""Security server check passed""
}
"
200,"{
  ""message"": ""Security server check passed""
}
"
200,"{
  ""message"": ""Security server check passed""
}
"
200,"{
  ""message"": ""Security server check passed""
}
"
200,"{
  ""message"": ""Security server check passed""
}
"
503,"<html>
<head><title>503 Service Temporarily Unavailable</title></head>
<body>
<center><h1>503 Service Temporarily Unavailable</h1></center>
<hr><center>nginx/1.26.2</center>
</body>
</html>
"
200,"{
  ""message"": ""Security server check passed""
}
"
200,"{
  ""message"": ""Security server check passed""
}
"
200,"{
  ""message"": ""Security server check passed""
}
"
503,"<html>
<head><title>503 Service Temporarily Unavailable</title></head>
<body>
<center><h1>503 Service Temporarily Unavailable</h1></center>
<hr><center>nginx/1.26.2</center>
</body>
</html>
"
200,"{
  ""message"": ""Security server check passed""
}
"
200,"{
  ""message"": ""Security server check passed""
}
"
200,"{
  ""message"": ""Security server check passed""
}
"
200,"{
  ""message"": ""Security server check passed""
}
"
503,"<html>
<head><title>503 Service Temporarily Unavailable</title></head>
<body>
<center><h1>503 Service Temporarily Unavailable</h1></center>
<hr><center>nginx/1.26.2</center>
</body>
</html>
"
200,"{
  ""message"": ""Security server check passed""
}
"
200,"{
  ""message"": ""Security server check passed""
}
"
200,"{
  ""message"": ""Security server check passed""
}
"
200,"{
  ""message"": ""Security server check passed""
}
"
503,"<html>
<head><title>503 Service Temporarily Unavailable</title></head>
<body>
<center><h1>503 Service Temporarily Unavailable</h1></center>
<hr><center>nginx/1.26.2</center>
</body>
</html>
"
200,"{
  ""message"": ""Security server check passed""
}
"
200,"{
  ""message"": ""Security server check passed""
}
"
200,"{
  ""message"": ""Security server check passed""
}
"
200,"{
  ""message"": ""Security server check passed""
}
"
200,"{
  ""message"": ""Security server check passed""
}
"
200,"{
  ""message"": ""Security server check passed""
}
"
200,"{
  ""message"": ""Security server check passed""
}
"
200,"{
  ""message"": ""Security server check passed""
}
"
503,"<html>
<head><title>503 Service Temporarily Unavailable</title></head>
<body>
<center><h1>503 Service Temporarily Unavailable</h1></center>
<hr><center>nginx/1.26.2</center>
</body>
</html>
"
503,"<html>
<head><title>503 Service Temporarily Unavailable</title></head>
<body>
<center><h1>503 Service Temporarily Unavailable</h1></center>
<hr><center>nginx/1.26.2</center>
</body>
</html>
"
200,"{
  ""message"": ""Security server check passed""
}
"
200,"{
  ""message"": ""Security server check passed""
}
"
200,"{
  ""message"": ""Security server check passed""
}
"
200,"{
  ""message"": ""Security server check passed""
}
"
200,"{
  ""message"": ""Security server check passed""
}
"
200,"{
  ""message"": ""Security server check passed""
}
"
503,"<html>
<head><title>503 Service Temporarily Unavailable</title></head>
<body>
<center><h1>503 Service Temporarily Unavailable</h1></center>
<hr><center>nginx/1.26.2</center>
</body>
</html>
"
200,"{
  ""message"": ""Security server check passed""
}
"
200,"{
  ""message"": ""Security server check passed""
}
"
200,"{
  ""message"": ""Security server check passed""
}
"
503,"<html>
<head><title>503 Service Temporarily Unavailable</title></head>
<body>
<center><h1>503 Service Temporarily Unavailable</h1></center>
<hr><center>nginx/1.26.2</center>
</body>
</html>
"
200,"{
  ""message"": ""Security server check passed""
}
"
200,"{
  ""message"": ""Security server check passed""
}
"
200,"{
  ""message"": ""Security server check passed""
}
"
200,"{
  ""message"": ""Security server check passed""
}
"
200,"{
  ""message"": ""Security server check passed""
}
"
200,"{
  ""message"": ""Security server check passed""
}
"
200,"{
  ""message"": ""Security server check passed""
}
"
200,"{
  ""message"": ""Security server check passed""
}
"
200,"{
  ""message"": ""Security server check passed""
}
"
200,"{
  ""message"": ""Security server check passed""
}
"
200,"{
  ""message"": ""Security server check passed""
}
"
503,"<html>
<head><title>503 Service Temporarily Unavailable</title></head>
<body>
<center><h1>503 Service Temporarily Unavailable</h1></center>
<hr><center>nginx/1.26.2</center>
</body>
</html>
"
200,"{
  ""message"": ""Security server check passed""
}
"
503,"<html>
<head><title>503 Service Temporarily Unavailable</title></head>
<body>
<center><h1>503 Service Temporarily Unavailable</h1></center>
<hr><center>nginx/1.26.2</center>
</body>
</html>
"
200,"{
  ""message"": ""Security server check passed""
}
"
200,"{
  ""message"": ""Security server check passed""
}
"
200,"{
  ""message"": ""Security server check passed""
}
"
200,"{
  ""message"": ""Security server check passed""
}
"
503,"<html>
<head><title>503 Service Temporarily Unavailable</title></head>
<body>
<center><h1>503 Service Temporarily Unavailable</h1></center>
<hr><center>nginx/1.26.2</center>
</body>
</html>
"
200,"{
  ""message"": ""Security server check passed""
}
"
200,"{
  ""message"": ""Security server check passed""
}
"
200,"{
  ""message"": ""Security server check passed""
}
"
200,"{
  ""message"": ""Security server check passed""
}
"
200,"{
  ""message"": ""Security server check passed""
}
"
200,"{
  ""message"": ""Security server check passed""
}
"
503,"<html>
<head><title>503 Service Temporarily Unavailable</title></head>
<body>
<center><h1>503 Service Temporarily Unavailable</h1></center>
<hr><center>nginx/1.26.2</center>
</body>
</html>
"
200,"{
  ""message"": ""Security server check passed""
}
"
200,"{
  ""message"": ""Security server check passed""
}
"
200,"{
  ""message"": ""Security server check passed""
}
"
200,"{
  ""message"": ""Security server check passed""
}
"
200,"{
  ""message"": ""Security server check passed""
}
"
200,"{
  ""message"": ""Security server check passed""
}
"
200,"{
  ""message"": ""Security server check passed""
}
"
200,"{
  ""message"": ""Security server check passed""
}
"
503,"<html>
<head><title>503 Service Temporarily Unavailable</title></head>
<body>
<center><h1>503 Service Temporarily Unavailable</h1></center>
<hr><center>nginx/1.26.2</center>
</body>
</html>
"
200,"{
  ""message"": ""Security server check passed""
}
"
200,"{
  ""message"": ""Security server check passed""
}
"
200,"{
  ""message"": ""Security server check passed""
}
"
200,"{
  ""message"": ""Security server check passed""
}
"
200,"{
  ""message"": ""Security server check passed""
}
"
200,"{
  ""message"": ""Security server check passed""
}
"
200,"{
  ""message"": ""Security server check passed""
}
"
200,"{
  ""message"": ""Security server check passed""
}
"
200,"{
  ""message"": ""Security server check passed""
}
"
200,"{
  ""message"": ""Security server check passed""
}
"
200,"{
  ""message"": ""Security server check passed""
}
"
503,"<html>
<head><title>503 Service Temporarily Unavailable</title></head>
<body>
<center><h1>503 Service Temporarily Unavailable</h1></center>
<hr><center>nginx/1.26.2</center>
</body>
</html>
"
200,"{
  ""message"": ""Security server check passed""
}
"
503,"<html>
<head><title>503 Service Temporarily Unavailable</title></head>
<body>
<center><h1>503 Service Temporarily Unavailable</h1></center>
<hr><center>nginx/1.26.2</center>
</body>
</html>
"
200,"{
  ""message"": ""Security server check passed""
}
"
200,"{
  ""message"": ""Security server check passed""
}
"
200,"{
  ""message"": ""Security server check passed""
}
"
200,"{
  ""message"": ""Security server check passed""
}
"
200,"{
  ""message"": ""Security server check passed""
}
"
503,"<html>
<head><title>503 Service Temporarily Unavailable</title></head>
<body>
<center><h1>503 Service Temporarily Unavailable</h1></center>
<hr><center>nginx/1.26.2</center>
</body>
</html>
"
200,"{
  ""message"": ""Security server check passed""
}
"
200,"{
  ""message"": ""Security server check passed""
}
"
200,"{
  ""message"": ""Security server check passed""
}
"
200,"{
  ""message"": ""Security server check passed""
}
"
200,"{
  ""message"": ""Security server check passed""
}
"
503,"<html>
<head><title>503 Service Temporarily Unavailable</title></head>
<body>
<center><h1>503 Service Temporarily Unavailable</h1></center>
<hr><center>nginx/1.26.2</center>
</body>
</html>
"
200,"{
  ""message"": ""Security server check passed""
}
"
200,"{
  ""message"": ""Security server check passed""
}
"
200,"{
  ""message"": ""Security server check passed""
}
"
503,"<html>
<head><title>503 Service Temporarily Unavailable</title></head>
<body>
<center><h1>503 Service Temporarily Unavailable</h1></center>
<hr><center>nginx/1.26.2</center>
</body>
</html>
"
200,"{
  ""message"": ""Security server check passed""
}
"
200,"{
  ""message"": ""Security server check passed""
}
"
200,"{
  ""message"": ""Security server check passed""
}
"
200,"{
  ""message"": ""Security server check passed""
}
"
200,"{
  ""message"": ""Security server check passed""
}
"
200,"{
  ""message"": ""Security server check passed""
}
"
200,"{
  ""message"": ""Security server check passed""
}
"
503,"<html>
<head><title>503 Service Temporarily Unavailable</title></head>
<body>
<center><h1>503 Service Temporarily Unavailable</h1></center>
<hr><center>nginx/1.26.2</center>
</body>
</html>
"
200,"{
  ""message"": ""Security server check passed""
}
"
200,"{
  ""message"": ""Security server check passed""
}
"
200,"{
  ""message"": ""Security server check passed""
}
"
200,"{
  ""message"": ""Security server check passed""
}
"
503,"<html>
<head><title>503 Service Temporarily Unavailable</title></head>
<body>
<center><h1>503 Service Temporarily Unavailable</h1></center>
<hr><center>nginx/1.26.2</center>
</body>
</html>
"
200,"{
  ""message"": ""Security server check passed""
}
"
200,"{
  ""message"": ""Security server check passed""
}
"
200,"{
  ""message"": ""Security server check passed""
}
"
200,"{
  ""message"": ""Security server check passed""
}
"
200,"{
  ""message"": ""Security server check passed""
}
"
200,"{
  ""message"": ""Security server check passed""
}
"
200,"{
  ""message"": ""Security server check passed""
}
"
200,"{
  ""message"": ""Security server check passed""
}
"
200,"{
  ""message"": ""Security server check passed""
}
"
503,"<html>
<head><title>503 Service Temporarily Unavailable</title></head>
<body>
<center><h1>503 Service Temporarily Unavailable</h1></center>
<hr><center>nginx/1.26.2</center>
</body>
</html>
"
200,"{
  ""message"": ""Security server check passed""
}
"
200,"{
  ""message"": ""Security server check passed""
}
"
503,"<html>
<head><title>503 Service Temporarily Unavailable</title></head>
<body>
<center><h1>503 Service Temporarily Unavailable</h1></center>
<hr><center>nginx/1.26.2</center>
</body>
</html>
"
503,"<html>
<head><title>503 Service Temporarily Unavailable</title></head>
<body>
<center><h1>503 Service Temporarily Unavailable</h1></center>
<hr><center>nginx/1.26.2</center>
</body>
</html>
"
200,"{
  ""message"": ""Security server check passed""
}
"
200,"{
  ""message"": ""Security server check passed""
}
"
200,"{
  ""message"": ""Security server check passed""
}
"
200,"{
  ""message"": ""Security server check passed""
}
"
200,"{
  ""message"": ""Security server check passed""
}
"
200,"{
  ""message"": ""Security server check passed""
}
"
200,"{
  ""message"": ""Security server check passed""
}
"
200,"{
  ""message"": ""Security server check passed""
}
"
200,"{
  ""message"": ""Security server check passed""
}
"
200,"{
  ""message"": ""Security server check passed""
}
"
503,"<html>
<head><title>503 Service Temporarily Unavailable</title></head>
<body>
<center><h1>503 Service Temporarily Unavailable</h1></center>
<hr><center>nginx/1.26.2</center>
</body>
</html>
"
200,"{
  ""message"": ""Security server check passed""
}
"
503,"<html>
<head><title>503 Service Temporarily Unavailable</title></head>
<body>
<center><h1>503 Service Temporarily Unavailable</h1></center>
<hr><center>nginx/1.26.2</center>
</body>
</html>
"
200,"{
  ""message"": ""Security server check passed""
}
"
200,"{
  ""message"": ""Security server check passed""
}
"
200,"{
  ""message"": ""Security server check passed""
}
"
200,"{
  ""message"": ""Security server check passed""
}
"
200,"{
  ""message"": ""Security server check passed""
}
"
200,"{
  ""message"": ""Security server check passed""
}
"
200,"{
  ""message"": ""Security server check passed""
}
"
200,"{
  ""message"": ""Security server check passed""
}
"
200,"{
  ""message"": ""Security server check passed""
}
"
503,"<html>
<head><title>503 Service Temporarily Unavailable</title></head>
<body>
<center><h1>503 Service Temporarily Unavailable</h1></center>
<hr><center>nginx/1.26.2</center>
</body>
</html>
"
200,"{
  ""message"": ""Security server check passed""
}
"
200,"{
  ""message"": ""Security server check passed""
}
"
200,"{
  ""message"": ""Security server check passed""
}
"
200,"{
  ""message"": ""Security server check passed""
}
"
200,"{
  ""message"": ""Security server check passed""
}
"
200,"{
  ""message"": ""Security server check passed""
}
"
200,"{
  ""message"": ""Security server check passed""
}
"
200,"{
  ""message"": ""Security server check passed""
}
"
503,"<html>
<head><title>503 Service Temporarily Unavailable</title></head>
<body>
<center><h1>503 Service Temporarily Unavailable</h1></center>
<hr><center>nginx/1.26.2</center>
</body>
</html>
"
200,"{
  ""message"": ""Security server check passed""
}
"
503,"<html>
<head><title>503 Service Temporarily Unavailable</title></head>
<body>
<center><h1>503 Service Temporarily Unavailable</h1></center>
<hr><center>nginx/1.26.2</center>
</body>
</html>
"
200,"{
  ""message"": ""Security server check passed""
}
"
200,"{
  ""message"": ""Security server check passed""
}
"
200,"{
  ""message"": ""Security server check passed""
}
"
503,"<html>
<head><title>503 Service Temporarily Unavailable</title></head>
<body>
<center><h1>503 Service Temporarily Unavailable</h1></center>
<hr><center>nginx/1.26.2</center>
</body>
</html>
"
200,"{
  ""message"": ""Security server check passed""
}
"
200,"{
  ""message"": ""Security server check passed""
}
"
200,"{
  ""message"": ""Security server check passed""
}
"
200,"{
  ""message"": ""Security server check passed""
}
"
200,"{
  ""message"": ""Security server check passed""
}
"
200,"{
  ""message"": ""Security server check passed""
}
"
200,"{
  ""message"": ""Security server check passed""
}
"
503,"<html>
<head><title>503 Service Temporarily Unavailable</title></head>
<body>
<center><h1>503 Service Temporarily Unavailable</h1></center>
<hr><center>nginx/1.26.2</center>
</body>
</html>
"
200,"{
  ""message"": ""Security server check passed""
}
"
200,"{
  ""message"": ""Security server check passed""
}
"
200,"{
  ""message"": ""Security server check passed""
}
"
200,"{
  ""message"": ""Security server check passed""
}
"
200,"{
  ""message"": ""Security server check passed""
}
"
200,"{
  ""message"": ""Security server check passed""
}
"
200,"{
  ""message"": ""Security server check passed""
}
"
200,"{
  ""message"": ""Security server check passed""
}
"
200,"{
  ""message"": ""Security server check passed""
}
"
200,"{
  ""message"": ""Security server check passed""
}
"
200,"{
  ""message"": ""Security server check passed""
}
"
503,"<html>
<head><title>503 Service Temporarily Unavailable</title></head>
<body>
<center><h1>503 Service Temporarily Unavailable</h1></center>
<hr><center>nginx/1.26.2</center>
</body>
</html>
"
200,"{
  ""message"": ""Security server check passed""
}
"
200,"{
  ""message"": ""Security server check passed""
}
"
200,"{
  ""message"": ""Security server check passed""
}
"
200,"{
  ""message"": ""Security server check passed""
}
"
503,"<html>
<head><title>503 Service Temporarily Unavailable</title></head>
<body>
<center><h1>503 Service Temporarily Unavailable</h1></center>
<hr><center>nginx/1.26.2</center>
</body>
</html>
"
200,"{
  ""message"": ""Security server check passed""
}
"
200,"{
  ""message"": ""Security server check passed""
}
"
200,"{
  ""message"": ""Security server check passed""
}
"
200,"{
  ""message"": ""Security server check passed""
}
"
503,"<html>
<head><title>503 Service Temporarily Unavailable</title></head>
<body>
<center><h1>503 Service Temporarily Unavailable</h1></center>
<hr><center>nginx/1.26.2</center>
</body>
</html>
"
200,"{
  ""message"": ""Security server check passed""
}
"
200,"{
  ""message"": ""Security server check passed""
}
"
200,"{
  ""message"": ""Security server check passed""
}
"
200,"{
  ""message"": ""Security server check passed""
}
"
200,"{
  ""message"": ""Security server check passed""
}
"
200,"{
  ""message"": ""Security server check passed""
}
"
503,"<html>
<head><title>503 Service Temporarily Unavailable</title></head>
<body>
<center><h1>503 Service Temporarily Unavailable</h1></center>
<hr><center>nginx/1.26.2</center>
</body>
</html>
"
503,"<html>
<head><title>503 Service Temporarily Unavailable</title></head>
<body>
<center><h1>503 Service Temporarily Unavailable</h1></center>
<hr><center>nginx/1.26.2</center>
</body>
</html>
"
200,"{
  ""message"": ""Security server check passed""
}
"
200,"{
  ""message"": ""Security server check passed""
}
"
200,"{
  ""message"": ""Security server check passed""
}
"
200,"{
  ""message"": ""Security server check passed""
}
"
503,"<html>
<head><title>503 Service Temporarily Unavailable</title></head>
<body>
<center><h1>503 Service Temporarily Unavailable</h1></center>
<hr><center>nginx/1.26.2</center>
</body>
</html>
"
200,"{
  ""message"": ""Security server check passed""
}
"
200,"{
  ""message"": ""Security server check passed""
}
"
200,"{
  ""message"": ""Security server check passed""
}
"
200,"{
  ""message"": ""Security server check passed""
}
"
200,"{
  ""message"": ""Security server check passed""
}
"
200,"{
  ""message"": ""Security server check passed""
}
"
200,"{
  ""message"": ""Security server check passed""
}
"
200,"{
  ""message"": ""Security server check passed""
}
"
200,"{
  ""message"": ""Security server check passed""
}
"
200,"{
  ""message"": ""Security server check passed""
}
"
200,"{
  ""message"": ""Security server check passed""
}
"
503,"<html>
<head><title>503 Service Temporarily Unavailable</title></head>
<body>
<center><h1>503 Service Temporarily Unavailable</h1></center>
<hr><center>nginx/1.26.2</center>
</body>
</html>
"
200,"{
  ""message"": ""Security server check passed""
}
"
200,"{
  ""message"": ""Security server check passed""
}
"
200,"{
  ""message"": ""Security server check passed""
}
"
200,"{
  ""message"": ""Security server check passed""
}
"
200,"{
  ""message"": ""Security server check passed""
}
"
200,"{
  ""message"": ""Security server check passed""
}
"
503,"<html>
<head><title>503 Service Temporarily Unavailable</title></head>
<body>
<center><h1>503 Service Temporarily Unavailable</h1></center>
<hr><center>nginx/1.26.2</center>
</body>
</html>
"
503,"<html>
<head><title>503 Service Temporarily Unavailable</title></head>
<body>
<center><h1>503 Service Temporarily Unavailable</h1></center>
<hr><center>nginx/1.26.2</center>
</body>
</html>
"
200,"{
  ""message"": ""Security server check passed""
}
"
200,"{
  ""message"": ""Security server check passed""
}
"
200,"{
  ""message"": ""Security server check passed""
}
"
200,"{
  ""message"": ""Security server check passed""
}
"
200,"{
  ""message"": ""Security server check passed""
}
"
200,"{
  ""message"": ""Security server check passed""
}
"
200,"{
  ""message"": ""Security server check passed""
}
"
200,"{
  ""message"": ""Security server check passed""
}
"
200,"{
  ""message"": ""Security server check passed""
}
"
503,"<html>
<head><title>503 Service Temporarily Unavailable</title></head>
<body>
<center><h1>503 Service Temporarily Unavailable</h1></center>
<hr><center>nginx/1.26.2</center>
</body>
</html>
"
200,"{
  ""message"": ""Security server check passed""
}
"
200,"{
  ""message"": ""Security server check passed""
}
"
200,"{
  ""message"": ""Security server check passed""
}
"
200,"{
  ""message"": ""Security server check passed""
}
"
200,"{
  ""message"": ""Security server check passed""
}
"
200,"{
  ""message"": ""Security server check passed""
}
"
200,"{
  ""message"": ""Security server check passed""
}
"
200,"{
  ""message"": ""Security server check passed""
}
"
503,"<html>
<head><title>503 Service Temporarily Unavailable</title></head>
<body>
<center><h1>503 Service Temporarily Unavailable</h1></center>
<hr><center>nginx/1.26.2</center>
</body>
</html>
"
503,"<html>
<head><title>503 Service Temporarily Unavailable</title></head>
<body>
<center><h1>503 Service Temporarily Unavailable</h1></center>
<hr><center>nginx/1.26.2</center>
</body>
</html>
"
200,"{
  ""message"": ""Security server check passed""
}
"
200,"{
  ""message"": ""Security server check passed""
}
"
200,"{
  ""message"": ""Security server check passed""
}
"
200,"{
  ""message"": ""Security server check passed""
}
"
200,"{
  ""message"": ""Security server check passed""
}
"
200,"{
  ""message"": ""Security server check passed""
}
"
200,"{
  ""message"": ""Security server check passed""
}
"
200,"{
  ""message"": ""Security server check passed""
}
"
503,"<html>
<head><title>503 Service Temporarily Unavailable</title></head>
<body>
<center><h1>503 Service Temporarily Unavailable</h1></center>
<hr><center>nginx/1.26.2</center>
</body>
</html>
"
200,"{
  ""message"": ""Security server check passed""
}
"
200,"{
  ""message"": ""Security server check passed""
}
"
200,"{
  ""message"": ""Security server check passed""
}
"
200,"{
  ""message"": ""Security server check passed""
}
"
200,"{
  ""message"": ""Security server check passed""
}
"
200,"{
  ""message"": ""Security server check passed""
}
"
200,"{
  ""message"": ""Security server check passed""
}
"
200,"{
  ""message"": ""Security server check passed""
}
"
200,"{
  ""message"": ""Security server check passed""
}
"
503,"<html>
<head><title>503 Service Temporarily Unavailable</title></head>
<body>
<center><h1>503 Service Temporarily Unavailable</h1></center>
<hr><center>nginx/1.26.2</center>
</body>
</html>
"
200,"{
  ""message"": ""Security server check passed""
}
"
200,"{
  ""message"": ""Security server check passed""
}
"
200,"{
  ""message"": ""Security server check passed""
}
"
200,"{
  ""message"": ""Security server check passed""
}
"
200,"{
  ""message"": ""Security server check passed""
}
"
503,"<html>
<head><title>503 Service Temporarily Unavailable</title></head>
<body>
<center><h1>503 Service Temporarily Unavailable</h1></center>
<hr><center>nginx/1.26.2</center>
</body>
</html>
"
200,"{
  ""message"": ""Security server check passed""
}
"
200,"{
  ""message"": ""Security server check passed""
}
"
200,"{
  ""message"": ""Security server check passed""
}
"
200,"{
  ""message"": ""Security server check passed""
}
"
200,"{
  ""message"": ""Security server check passed""
}
"
200,"{
  ""message"": ""Security server check passed""
}
"
200,"{
  ""message"": ""Security server check passed""
}
"
200,"{
  ""message"": ""Security server check passed""
}
"
200,"{
  ""message"": ""Security server check passed""
}
"
503,"<html>
<head><title>503 Service Temporarily Unavailable</title></head>
<body>
<center><h1>503 Service Temporarily Unavailable</h1></center>
<hr><center>nginx/1.26.2</center>
</body>
</html>
"
200,"{
  ""message"": ""Security server check passed""
}
"
200,"{
  ""message"": ""Security server check passed""
}
"
200,"{
  ""message"": ""Security server check passed""
}
"
503,"<html>
<head><title>503 Service Temporarily Unavailable</title></head>
<body>
<center><h1>503 Service Temporarily Unavailable</h1></center>
<hr><center>nginx/1.26.2</center>
</body>
</html>
"
200,"{
  ""message"": ""Security server check passed""
}
"
200,"{
  ""message"": ""Security server check passed""
}
"
503,"<html>
<head><title>503 Service Temporarily Unavailable</title></head>
<body>
<center><h1>503 Service Temporarily Unavailable</h1></center>
<hr><center>nginx/1.26.2</center>
</body>
</html>
"
200,"{
  ""message"": ""Security server check passed""
}
"
200,"{
  ""message"": ""Security server check passed""
}
"
200,"{
  ""message"": ""Security server check passed""
}
"
200,"{
  ""message"": ""Security server check passed""
}
"
200,"{
  ""message"": ""Security server check passed""
}
"
200,"{
  ""message"": ""Security server check passed""
}
"
503,"<html>
<head><title>503 Service Temporarily Unavailable</title></head>
<body>
<center><h1>503 Service Temporarily Unavailable</h1></center>
<hr><center>nginx/1.26.2</center>
</body>
</html>
"
200,"{
  ""message"": ""Security server check passed""
}
"
200,"{
  ""message"": ""Security server check passed""
}
"
200,"{
  ""message"": ""Security server check passed""
}
"
200,"{
  ""message"": ""Security server check passed""
}
"
200,"{
  ""message"": ""Security server check passed""
}
"
200,"{
  ""message"": ""Security server check passed""
}
"
503,"<html>
<head><title>503 Service Temporarily Unavailable</title></head>
<body>
<center><h1>503 Service Temporarily Unavailable</h1></center>
<hr><center>nginx/1.26.2</center>
</body>
</html>
"
200,"{
  ""message"": ""Security server check passed""
}
"
200,"{
  ""message"": ""Security server check passed""
}
"
200,"{
  ""message"": ""Security server check passed""
}
"
200,"{
  ""message"": ""Security server check passed""
}
"
200,"{
  ""message"": ""Security server check passed""
}
"
200,"{
  ""message"": ""Security server check passed""
}
"
200,"{
  ""message"": ""Security server check passed""
}
"
200,"{
  ""message"": ""Security server check passed""
}
"
503,"<html>
<head><title>503 Service Temporarily Unavailable</title></head>
<body>
<center><h1>503 Service Temporarily Unavailable</h1></center>
<hr><center>nginx/1.26.2</center>
</body>
</html>
"
200,"{
  ""message"": ""Security server check passed""
}
"
200,"{
  ""message"": ""Security server check passed""
}
"
200,"{
  ""message"": ""Security server check passed""
}
"
200,"{
  ""message"": ""Security server check passed""
}
"
200,"{
  ""message"": ""Security server check passed""
}
"
200,"{
  ""message"": ""Security server check passed""
}
"
503,"<html>
<head><title>503 Service Temporarily Unavailable</title></head>
<body>
<center><h1>503 Service Temporarily Unavailable</h1></center>
<hr><center>nginx/1.26.2</center>
</body>
</html>
"
200,"{
  ""message"": ""Security server check passed""
}
"
200,"{
  ""message"": ""Security server check passed""
}
"
200,"{
  ""message"": ""Security server check passed""
}
"
200,"{
  ""message"": ""Security server check passed""
}
"
503,"<html>
<head><title>503 Service Temporarily Unavailable</title></head>
<body>
<center><h1>503 Service Temporarily Unavailable</h1></center>
<hr><center>nginx/1.26.2</center>
</body>
</html>
"
200,"{
  ""message"": ""Security server check passed""
}
"
200,"{
  ""message"": ""Security server check passed""
}
"
200,"{
  ""message"": ""Security server check passed""
}
"
200,"{
  ""message"": ""Security server check passed""
}
"
503,"<html>
<head><title>503 Service Temporarily Unavailable</title></head>
<body>
<center><h1>503 Service Temporarily Unavailable</h1></center>
<hr><center>nginx/1.26.2</center>
</body>
</html>
"
200,"{
  ""message"": ""Security server check passed""
}
"
200,"{
  ""message"": ""Security server check passed""
}
"
503,"<html>
<head><title>503 Service Temporarily Unavailable</title></head>
<body>
<center><h1>503 Service Temporarily Unavailable</h1></center>
<hr><center>nginx/1.26.2</center>
</body>
</html>
"
200,"{
  ""message"": ""Security server check passed""
}
"
200,"{
  ""message"": ""Security server check passed""
}
"
200,"{
  ""message"": ""Security server check passed""
}
"
200,"{
  ""message"": ""Security server check passed""
}
"
200,"{
  ""message"": ""Security server check passed""
}
"
200,"{
  ""message"": ""Security server check passed""
}
"
503,"<html>
<head><title>503 Service Temporarily Unavailable</title></head>
<body>
<center><h1>503 Service Temporarily Unavailable</h1></center>
<hr><center>nginx/1.26.2</center>
</body>
</html>
"
200,"{
  ""message"": ""Security server check passed""
}
"
200,"{
  ""message"": ""Security server check passed""
}
"
503,"<html>
<head><title>503 Service Temporarily Unavailable</title></head>
<body>
<center><h1>503 Service Temporarily Unavailable</h1></center>
<hr><center>nginx/1.26.2</center>
</body>
</html>
"
200,"{
  ""message"": ""Security server check passed""
}
"
200,"{
  ""message"": ""Security server check passed""
}
"
200,"{
  ""message"": ""Security server check passed""
}
"
200,"{
  ""message"": ""Security server check passed""
}
"
200,"{
  ""message"": ""Security server check passed""
}
"
200,"{
  ""message"": ""Security server check passed""
}
"
200,"{
  ""message"": ""Security server check passed""
}
"
200,"{
  ""message"": ""Security server check passed""
}
"
200,"{
  ""message"": ""Security server check passed""
}
"
200,"{
  ""message"": ""Security server check passed""
}
"
200,"{
  ""message"": ""Security server check passed""
}
"
200,"{
  ""message"": ""Security server check passed""
}
"
200,"{
  ""message"": ""Security server check passed""
}
"
503,"<html>
<head><title>503 Service Temporarily Unavailable</title></head>
<body>
<center><h1>503 Service Temporarily Unavailable</h1></center>
<hr><center>nginx/1.26.2</center>
</body>
</html>
"
200,"{
  ""message"": ""Security server check passed""
}
"
200,"{
  ""message"": ""Security server check passed""
}
"
200,"{
  ""message"": ""Security server check passed""
}
"
200,"{
  ""message"": ""Security server check passed""
}
"
200,"{
  ""message"": ""Security server check passed""
}
"
503,"<html>
<head><title>503 Service Temporarily Unavailable</title></head>
<body>
<center><h1>503 Service Temporarily Unavailable</h1></center>
<hr><center>nginx/1.26.2</center>
</body>
</html>
"
503,"<html>
<head><title>503 Service Temporarily Unavailable</title></head>
<body>
<center><h1>503 Service Temporarily Unavailable</h1></center>
<hr><center>nginx/1.26.2</center>
</body>
</html>
"
200,"{
  ""message"": ""Security server check passed""
}
"
200,"{
  ""message"": ""Security server check passed""
}
"
200,"{
  ""message"": ""Security server check passed""
}
"
200,"{
  ""message"": ""Security server check passed""
}
"
200,"{
  ""message"": ""Security server check passed""
}
"
200,"{
  ""message"": ""Security server check passed""
}
"
200,"{
  ""message"": ""Security server check passed""
}
"
200,"{
  ""message"": ""Security server check passed""
}
"
200,"{
  ""message"": ""Security server check passed""
}
"
200,"{
  ""message"": ""Security server check passed""
}
"
200,"{
  ""message"": ""Security server check passed""
}
"
200,"{
  ""message"": ""Security server check passed""
}
"
200,"{
  ""message"": ""Security server check passed""
}
"
200,"{
  ""message"": ""Security server check passed""
}
"
200,"{
  ""message"": ""Security server check passed""
}
"
503,"<html>
<head><title>503 Service Temporarily Unavailable</title></head>
<body>
<center><h1>503 Service Temporarily Unavailable</h1></center>
<hr><center>nginx/1.26.2</center>
</body>
</html>
"
200,"{
  ""message"": ""Security server check passed""
}
"
200,"{
  ""message"": ""Security server check passed""
}
"
200,"{
  ""message"": ""Security server check passed""
}
"
200,"{
  ""message"": ""Security server check passed""
}
"
200,"{
  ""message"": ""Security server check passed""
}
"
200,"{
  ""message"": ""Security server check passed""
}
"
503,"<html>
<head><title>503 Service Temporarily Unavailable</title></head>
<body>
<center><h1>503 Service Temporarily Unavailable</h1></center>
<hr><center>nginx/1.26.2</center>
</body>
</html>
"
200,"{
  ""message"": ""Security server check passed""
}
"
200,"{
  ""message"": ""Security server check passed""
}
"
200,"{
  ""message"": ""Security server check passed""
}
"
200,"{
  ""message"": ""Security server check passed""
}
"
200,"{
  ""message"": ""Security server check passed""
}
"
200,"{
  ""message"": ""Security server check passed""
}
"
503,"<html>
<head><title>503 Service Temporarily Unavailable</title></head>
<body>
<center><h1>503 Service Temporarily Unavailable</h1></center>
<hr><center>nginx/1.26.2</center>
</body>
</html>
"
200,"{
  ""message"": ""Security server check passed""
}
"
200,"{
  ""message"": ""Security server check passed""
}
"
200,"{
  ""message"": ""Security server check passed""
}
"
503,"<html>
<head><title>503 Service Temporarily Unavailable</title></head>
<body>
<center><h1>503 Service Temporarily Unavailable</h1></center>
<hr><center>nginx/1.26.2</center>
</body>
</html>
"
200,"{
  ""message"": ""Security server check passed""
}
"
200,"{
  ""message"": ""Security server check passed""
}
"
200,"{
  ""message"": ""Security server check passed""
}
"
200,"{
  ""message"": ""Security server check passed""
}
"
200,"{
  ""message"": ""Security server check passed""
}
"
200,"{
  ""message"": ""Security server check passed""
}
"
503,"<html>
<head><title>503 Service Temporarily Unavailable</title></head>
<body>
<center><h1>503 Service Temporarily Unavailable</h1></center>
<hr><center>nginx/1.26.2</center>
</body>
</html>
"
200,"{
  ""message"": ""Security server check passed""
}
"
200,"{
  ""message"": ""Security server check passed""
}
"
200,"{
  ""message"": ""Security server check passed""
}
"
503,"<html>
<head><title>503 Service Temporarily Unavailable</title></head>
<body>
<center><h1>503 Service Temporarily Unavailable</h1></center>
<hr><center>nginx/1.26.2</center>
</body>
</html>
"
200,"{
  ""message"": ""Security server check passed""
}
"
200,"{
  ""message"": ""Security server check passed""
}
"
200,"{
  ""message"": ""Security server check passed""
}
"
200,"{
  ""message"": ""Security server check passed""
}
"
200,"{
  ""message"": ""Security server check passed""
}
"
200,"{
  ""message"": ""Security server check passed""
}
"
200,"{
  ""message"": ""Security server check passed""
}
"
200,"{
  ""message"": ""Security server check passed""
}
"
200,"{
  ""message"": ""Security server check passed""
}
"
200,"{
  ""message"": ""Security server check passed""
}
"
200,"{
  ""message"": ""Security server check passed""
}
"
200,"{
  ""message"": ""Security server check passed""
}
"
200,"{
  ""message"": ""Security server check passed""
}
"
